{"Fid":"cmTaIxKCS0G9XTGZaG0ohc","Status":3,"AuthToken":"eyJhbGciOiJFUzI1NiIsInR5cCI6IkpXVCJ9.eyJhcHBJZCI6IjE6Mjc0NzI2NDgyODYxOmFuZHJvaWQ6ZDg1YjM2NzQzOWZhOTZhMiIsImV4cCI6MTczMzU2NTM1NCwiZmlkIjoiY21UYUl4S0NTMEc5WFRHWmFHMG9oYyIsInByb2plY3ROdW1iZXIiOjI3NDcyNjQ4Mjg2MX0.AB2LPV8wRgIhAMMGsBlt6KgMqOXy1pCoYZZvKopE4zUDrJQqHZkyUNCXAiEAoj8sJE3tzbYJiAa03opMHjyumaQFzs_UpReMBS86mMw","RefreshToken":"3_AS3qfwLrQUQ2I9Hd-YS_cviZp-AwvnOaE0QKuhQ_7KP73o_s56xwYjqLWTPuhnVWmKDKpDyLtl6NDGkq790rOSIgnUjeQCDnM6PLvWKh0FLZaT8","TokenCreationEpochInSecs":1732960556,"ExpiresInSecs":604800}