<?xml version='1.0' encoding='utf-8' standalone='yes' ?>
<map>
    <long name="last_backup_date_path_picker" value="1732625765053" />
    <int name="pref_rate_trigger_count" value="9" />
    <long name="last_cleanup_date" value="1732960556362" />
    <int name="last_version_code" value="60" />
    <int name="settings_background_theme_color" value="-13619152" />
    <long name="pref_rate_last_trigger_date" value="1732457901139" />
    <string name="note_view_layout">note_view_linear</string>
    <long name="last_periodic_app_refresh_date" value="1732960556069" />
</map>
